file,yahoo_symbol,rows,first,last,noise,seed,generated
SPX_demo.csv,^GSPC,2700,2016-01-04,2026-09-29,0.0001,42,2026-09-30
NDQ_demo.csv,^NDX,2700,2016-01-04,2026-09-29,0.0001,43,2026-09-30
YM_demo.csv,YM=F,2701,2016-01-04,2026-09-29,0.0001,44,2026-09-30
CL_demo.csv,CL=F,2700,2016-01-04,2026-09-29,0.0001,45,2026-09-30
RTY_demo.csv,RTY=F,2322,2017-07-10,2026-09-29,0.0001,46,2026-09-30
EURUSD_demo.csv,EURUSD=X,2796,2016-01-01,2026-09-30,0.0001,47,2026-09-30
XAUUSD_demo.csv,GC=F,2699,2016-01-04,2026-09-29,0.0001,48,2026-09-30
AAPL_demo.csv,AAPL,2699,2016-01-04,2026-09-28,0.0001,49,2026-09-30
KO_demo.csv,KO,2699,2016-01-04,2026-09-28,0.0001,50,2026-09-30
TSLL_demo.csv,TSLL,1038,2022-08-09,2026-09-28,0.0001,51,2026-09-30
