Date,Open,High,Low,Close,Volume
2022-08-09,25.228549,25.229547,23.666783,24.130805,143999.0
2022-08-10,25.868391,25.899663,24.150629,25.451402,472828.0
2022-08-11,25.750207,25.958127,24.359499,24.524414,576031.0
2022-08-12,24.813107,26.170412,24.255828,26.129672,490226.0
2022-08-15,26.449144,27.878703,26.353627,27.345596,1058114.0
2022-08-16,27.696949,28.081885,26.550976,27.024884,1628399.0
2022-08-17,26.527882,27.389268,26.120858,26.682264,1190299.0
2022-08-18,26.944789,26.980095,26.391642,26.497544,507657.0
2022-08-19,25.979089,26.110035,25.148231,25.700814,899348.0
2022-08-22,25.00704,25.096328,24.330841,24.80063,586099.0
2022-08-23,24.989244,25.934575,24.550376,25.651259,673969.0
2022-08-24,25.79077,26.555703,25.638227,25.70143,751407.0
2022-08-25,26.380757,26.449709,25.00377,25.579716,688803.0
2022-08-26,25.754797,26.311898,24.436366,24.542262,983870.0
2022-08-29,23.829544,24.460227,23.578828,24.132824,803175.0
2022-08-30,24.496213,24.538787,22.56887,23.221111,828336.0
2022-08-31,23.573556,23.586876,22.486343,22.918646,725913.0
2022-09-01,22.530647,23.152077,21.772172,23.152077,846239.0
2022-09-02,23.610709,23.734344,22.094006,22.26485,671698.0
2022-09-06,22.488473,22.928083,21.698731,22.771316,561324.0
2022-09-07,22.587661,23.924653,22.506331,23.916162,609822.0
2022-09-08,23.583727,24.622536,23.423003,24.622536,641577.0
2022-09-09,24.896221,25.938109,24.850742,25.926767,1118880.0
2022-09-12,26.018387,26.644847,26.018387,26.539269,856830.0
2022-09-13,25.017131,25.588445,24.70786,24.928718,1387449.0
2022-09-14,24.953603,26.669535,24.860654,26.252282,1198416.0
2022-09-15,26.150842,27.091188,26.035893,26.4032,752981.0
2022-09-16,25.818171,26.359083,25.329743,26.323255,700892.0
2022-09-19,25.891846,27.165235,25.639167,27.070077,735671.0
2022-09-20,26.775206,27.599747,26.599309,26.999595,853165.0
2022-09-21,26.947406,27.637638,25.959012,25.968092,931686.0
2022-09-22,25.817693,26.000462,24.027885,24.378528,1013761.0
2022-09-23,23.670947,23.820571,22.370893,22.696542,1209309.0
2022-09-26,22.25054,23.75511,22.103772,22.781197,878242.0
2022-09-27,23.747302,24.295609,22.99399,23.635505,1052367.0
2022-09-28,23.618493,24.358868,22.948101,24.218176,980995.0
2022-09-29,23.569954,23.672796,21.447348,21.779828,1246808.0
2022-09-30,21.461853,22.611323,21.093186,21.392326,789836.0
2022-10-03,20.037021,20.130851,18.451219,18.617788,2376233.0
2022-10-04,19.561314,20.25215,18.555581,19.471963,2365666.0
2022-10-05,18.880958,19.060766,17.527926,18.381069,1544761.0
2022-10-06,18.273762,18.808899,17.780905,18.110639,1257173.0
2022-10-07,17.605779,17.649225,16.249921,16.379207,1546655.0
2022-10-10,16.459437,16.769167,15.840768,16.341112,1206331.0
2022-10-11,16.119365,16.641462,15.458121,15.630194,1126591.0
2022-10-12,15.512385,15.9309,15.103741,15.71985,1375672.0
2022-10-13,14.738259,16.319383,14.521691,16.201106,2157016.0
2022-10-14,16.429091,16.66153,14.257245,14.360703,1514262.0
2022-10-17,14.900395,16.104276,14.831747,15.869023,1015740.0
2022-10-18,16.931069,16.968033,15.622185,15.958517,1910063.0
2022-10-19,15.890807,16.232452,15.689,16.187488,1803868.0
2022-10-20,14.618102,15.412794,13.949688,14.53805,3282524.0
2022-10-21,14.43288,15.280152,14.190678,15.279754,1451139.0
2022-10-24,14.349002,15.152107,13.570978,14.93752,2140021.0
2022-10-25,14.800683,16.299131,14.800623,16.099654,1778030.0
2022-10-26,15.781568,16.970789,15.680472,16.349057,2224609.0
2022-10-27,16.909399,17.328864,16.14743,16.398872,1636307.0
2022-10-28,16.400922,16.790645,15.43058,16.758331,2102089.0
2022-10-31,16.487462,16.891039,16.032475,16.647652,1111780.0
2022-11-01,17.369789,17.698528,16.628137,16.682565,1314988.0
2022-11-02,16.459099,16.659168,15.241898,15.258992,1618665.0
2022-11-03,14.85765,15.910095,14.747801,15.289296,1639155.0
2022-11-04,16.088858,16.169026,13.977848,14.459059,2236166.0
2022-11-07,14.598441,14.60382,13.324231,13.369317,1973802.0
2022-11-08,13.041277,13.16705,12.308595,12.781663,3384776.0
2022-11-09,12.688908,13.210686,11.360629,11.399456,3931321.0
2022-11-10,12.557964,12.680207,11.628942,12.659343,5286772.0
2022-11-11,12.179722,13.217313,11.844544,13.149379,3397904.0
2022-11-14,12.85952,13.138414,12.201363,12.669739,1954213.0
2022-11-15,13.14353,13.629133,12.770082,13.010861,2493576.0
2022-11-16,12.702369,12.808669,12.117144,12.261422,1918501.0
2022-11-17,11.940206,12.160518,11.649999,11.879397,1895335.0
2022-11-18,12.058995,12.060363,11.227656,11.579175,2583333.0
2022-11-21,11.142671,11.240716,10.358801,10.400436,3337458.0
2022-11-22,10.460305,10.670672,10.231063,10.568058,2234164.0
2022-11-23,10.918021,11.848944,10.821269,11.821574,4287714.0
2022-11-25,11.980492,11.989518,11.558996,11.77797,1951239.0
2022-11-28,11.477906,12.309734,11.400485,11.781271,2569169.0
2022-11-29,11.97156,12.105999,11.378606,11.578556,2229058.0
2022-11-30,11.750493,12.909981,11.548835,12.881901,3205992.0
2022-12-01,13.138368,13.320434,12.611041,12.909493,2362308.0
2022-12-02,12.58915,13.036937,12.533637,12.91159,1756009.0
2022-12-05,12.357078,12.530912,11.471398,11.679511,2750668.0
2022-12-06,11.552088,11.760901,10.990759,11.428379,1833453.0
2022-12-07,10.950067,11.369278,10.690658,10.869027,2120435.0
2022-12-08,10.630724,10.930153,10.359249,10.779457,2981179.0
2022-12-09,10.791473,11.604586,10.771411,11.290872,3014321.0
2022-12-12,10.99948,11.107911,10.190546,10.219154,3615163.0
2022-12-13,10.849295,10.860612,9.229492,9.599158,7652856.0
2022-12-14,9.469475,9.640855,9.091977,9.220223,4860119.0
2022-12-15,8.920257,9.580717,8.869865,9.31101,5406607.0
2022-12-16,9.449107,9.571485,8.611013,8.630074,5068178.0
2022-12-19,8.954622,9.060846,8.259539,8.589221,6172861.0
2022-12-20,8.210214,8.42977,7.510183,7.51041,8523979.0
2022-12-21,7.640086,7.780206,7.350721,7.490954,7611393.0
2022-12-22,7.359517,7.409493,6.269807,6.490479,16402720.0
2022-12-23,6.569198,6.739515,6.15083,6.310093,14898982.0
2022-12-27,5.870616,6.039687,5.206007,5.230327,21986401.0
2022-12-28,5.33535,5.739389,5.169154,5.479603,24319984.0
2022-12-29,6.05085,6.279831,5.829412,6.149858,18027708.0
2022-12-30,6.010725,6.34102,5.995457,6.250293,10648302.0
2023-01-03,5.879803,5.909049,4.849708,5.090101,26124637.0
2023-01-04,5.170347,5.559973,5.059706,5.47986,17732037.0
2023-01-05,5.255206,5.344506,5.02057,5.2493,13434065.0
2023-01-06,4.720754,5.537486,4.639846,5.439012,23676015.0
2023-01-09,5.869488,6.190323,5.729406,5.920133,18455129.0
2023-01-10,6.010764,6.150939,5.559968,5.859404,15113613.0
2023-01-11,6.100251,6.379761,5.980089,6.170348,16046749.0
2023-01-12,6.109898,6.239263,5.710209,6.191424,15928649.0
2023-01-13,5.671521,6.119947,5.603285,6.099637,20676578.0
2023-01-17,6.32126,6.800117,6.300426,6.780945,17691672.0
2023-01-18,7.178789,7.200018,6.429192,6.579894,20170409.0
2023-01-19,6.46009,6.668386,6.230335,6.439931,13687792.0
2023-01-20,6.560529,6.929639,6.468348,6.919672,10393385.0
2023-01-23,7.120867,7.844752,6.990944,7.719516,16657292.0
2023-01-24,7.668995,7.938604,7.509036,7.740073,13152137.0
2023-01-25,7.560366,7.930423,7.259958,7.779879,12795498.0
2023-01-26,9.030225,9.139384,8.610603,9.049502,21739855.0
2023-01-27,9.239223,10.781027,9.134223,10.551098,26354675.0
2023-01-30,10.560916,10.711336,9.519759,9.549043,21791022.0
2023-01-31,9.359464,10.198929,9.21518,10.099301,15738163.0
2023-02-01,10.159953,11.025996,9.810602,10.81857,16586988.0
2023-02-02,11.348793,12.191655,10.920352,11.430391,21204389.0
2023-02-03,11.040554,12.39815,11.009355,11.57961,20436335.0
2023-02-06,11.860641,12.267881,11.564423,12.027846,15556312.0
2023-02-07,12.179577,12.269489,11.530556,12.210025,18877200.0
2023-02-08,12.138866,12.769028,11.980241,12.629341,18377648.0
2023-02-09,13.240002,13.815472,12.936601,13.190597,20772495.0
2023-02-10,12.69035,13.065201,11.804245,12.16004,18996019.0
2023-02-13,11.950224,12.115436,11.330886,11.959821,12574945.0
2023-02-14,11.709677,13.370033,11.489979,13.317935,19370445.0
2023-02-15,13.561495,13.835033,13.009603,13.777487,14951650.0
2023-02-16,13.449492,14.119069,12.589464,12.621831,21605033.0
2023-02-17,12.410085,13.200109,12.18005,13.200109,26379645.0
2023-02-21,12.872193,13.313796,12.130643,12.151201,15317146.0
2023-02-22,12.188869,12.578972,11.62985,12.45808,16655441.0
2023-02-23,12.750047,12.871239,12.038874,12.558539,16854109.0
2023-02-24,12.010377,12.165162,11.710422,12.078995,12917133.0
2023-02-27,12.568956,13.233055,12.501625,13.070036,18858155.0
2023-02-28,13.367978,13.412511,12.700534,12.90005,14730280.0
2023-03-01,12.92862,13.02149,12.211279,12.599957,14093038.0
2023-03-02,11.107398,11.769385,11.049683,11.50055,16490415.0
2023-03-03,11.849992,12.360115,11.682548,12.12939,8858339.0
2023-03-06,12.189889,12.1906,11.609512,11.739128,10097341.0
2023-03-07,11.525877,11.789384,11.050188,11.188414,11726226.0
2023-03-08,10.942249,11.071029,10.490014,10.689556,12425317.0
2023-03-09,10.530193,10.9596,9.839341,9.889702,21463587.0
2023-03-10,10.050215,10.333304,9.491319,9.920066,20437666.0
2023-03-13,9.4005,10.249646,9.099973,10.000018,19487502.0
2023-03-14,10.24944,10.798888,10.24014,10.769636,14303141.0
2023-03-15,10.548234,10.669532,10.11749,10.498896,14426642.0
2023-03-16,10.504115,10.979624,10.369837,10.820684,11113724.0
2023-03-17,10.860175,11.002465,10.220678,10.468879,7868026.0
2023-03-20,10.289966,11.011062,10.139377,10.739468,10463694.0
2023-03-21,11.150031,11.989743,11.12981,11.948731,11131113.0
2023-03-22,12.109171,12.239036,11.339792,11.35926,12624731.0
2023-03-23,11.730048,12.08893,11.140295,11.469704,12994720.0
2023-03-24,11.399575,11.458688,11.003828,11.299601,9752643.0
2023-03-27,11.649784,11.909913,11.249692,11.420659,9273162.0
2023-03-28,11.428375,11.460366,10.844389,11.189196,7721687.0
2023-03-29,11.508899,11.715377,11.200621,11.590988,9599958.0
2023-03-30,11.74999,11.890112,11.63925,11.719542,9019718.0
2023-03-31,11.921953,12.829811,11.887527,12.788905,11971410.0
2023-04-03,12.100099,12.359396,11.390044,11.630986,17626457.0
2023-04-04,11.860752,11.975325,11.230132,11.440506,11560498.0
2023-04-05,11.2423,11.249372,10.64226,10.799841,14145021.0
2023-04-06,10.545302,10.870028,10.289347,10.759899,10099368.0
2023-04-10,10.299642,10.750364,9.969722,10.69072,12259559.0
2023-04-11,10.882652,11.105246,10.798483,10.89158,10338785.0
2023-04-12,11.239565,11.309144,10.330511,10.350976,14034052.0
2023-04-13,10.551384,10.855359,10.391477,10.790493,8928603.0
2023-04-14,10.628823,10.830057,10.461508,10.720551,10478346.0
2023-04-17,10.834562,11.118478,10.521194,10.900853,11096926.0
2023-04-18,10.894767,10.952142,10.591056,10.660582,11179181.0
2023-04-19,10.200229,10.580381,10.080344,10.329261,14280978.0
2023-04-20,9.088943,9.378395,8.608881,8.818456,25312485.0
2023-04-21,8.970767,9.058951,8.679763,8.990071,8539862.0
2023-04-24,8.940551,9.022203,8.452822,8.769912,13670887.0
2023-04-25,8.549034,8.848899,8.465371,8.60914,10471245.0
2023-04-26,8.587314,8.609293,8.00974,8.059762,17973337.0
2023-04-27,7.97051,8.588569,7.949684,8.559778,14018788.0
2023-04-28,8.620116,8.945438,8.335572,8.89138,10301778.0
2023-05-01,8.800012,8.800012,8.440656,8.681368,12401339.0
2023-05-02,8.68825,8.980722,8.457549,8.570118,11331671.0
2023-05-03,8.539207,8.93921,8.53866,8.590322,10029385.0
2023-05-04,8.749709,8.769981,8.50195,8.620202,8422572.0
2023-05-05,8.840199,9.390216,8.820459,9.331,11255279.0
2023-05-08,9.639857,9.639857,9.263356,9.480119,10635474.0
2023-05-09,9.240931,9.310154,9.044479,9.249876,7415379.0
2023-05-10,9.528785,9.680942,9.054044,9.210408,10175135.0
2023-05-11,9.218736,9.613195,9.059001,9.499984,10726073.0
2023-05-12,9.819898,9.91883,9.080708,9.149456,15944383.0
2023-05-15,9.111167,9.284962,8.861033,9.020138,8814139.0
2023-05-16,8.948683,9.267483,8.850682,9.029718,8084234.0
2023-05-17,9.168521,9.669557,9.075901,9.620544,12406026.0
2023-05-18,9.651758,9.880139,9.501162,9.859872,10165538.0
2023-05-19,9.899174,10.282032,9.819663,10.140569,10859391.0
2023-05-22,10.190084,10.899393,10.140704,10.860302,10695059.0
2023-05-23,10.641566,11.208714,10.551147,10.591751,10925782.0
2023-05-24,10.288826,10.459487,9.953877,10.340559,9642556.0
2023-05-25,10.650083,10.669943,10.149685,10.469124,9014509.0
2023-05-26,10.500535,11.681342,10.490375,11.209778,15908461.0
2023-05-30,11.819754,12.201428,11.587521,11.909402,17224703.0
2023-05-31,11.779538,12.1508,11.370062,12.138196,14000123.0
2023-06-01,12.039069,12.669664,11.739856,12.47064,15361067.0
2023-06-02,12.699386,13.342568,12.670295,13.05086,17836101.0
2023-06-05,13.391481,13.709867,13.088854,13.378465,15651040.0
2023-06-06,13.231744,13.769863,12.911459,13.709979,13448667.0
2023-06-07,14.350579,14.590721,13.890392,14.030028,18158714.0
2023-06-08,13.979917,15.012294,13.880618,14.978823,18607948.0
2023-06-09,16.350036,16.651203,15.651902,15.88639,23176635.0
2023-06-12,16.240025,16.516229,15.900341,16.400445,13387547.0
2023-06-13,16.779878,17.380713,16.560116,17.299906,17274874.0
2023-06-14,17.421108,17.558812,16.449536,17.070771,23500499.0
2023-06-15,16.216428,17.300027,16.140986,16.999531,15411412.0
2023-06-16,17.271377,17.746096,17.117238,17.449638,14519760.0
2023-06-20,17.541266,18.872554,17.511819,18.851633,18082180.0
2023-06-21,18.83008,19.007325,17.041412,17.201873,25516136.0
2023-06-22,16.339806,17.732991,16.090703,17.722002,20772890.0
2023-06-23,17.181682,17.487404,16.532041,16.898795,17924932.0
2023-06-26,16.263567,17.072814,15.339587,15.361752,20299017.0
2023-06-27,15.572706,16.264574,15.350488,16.249808,14804400.0
2023-06-28,16.202344,17.179895,16.119221,16.839163,15723101.0
2023-06-29,17.006626,17.259242,16.563172,16.950524,12276298.0
2023-06-30,17.243214,17.633165,17.17179,17.351916,15692686.0
2023-07-03,18.810206,19.589038,18.681737,19.15979,17214905.0
2023-07-05,19.038716,19.56241,18.927998,19.411068,14508084.0
2023-07-06,18.960635,19.141486,18.430782,18.800712,11547411.0
2023-07-07,18.99248,19.220197,18.509787,18.580379,12476762.0
2023-07-10,18.786536,18.877792,17.632017,18.070795,12203307.0
2023-07-11,17.981499,18.202443,17.753899,18.098687,7393233.0
2023-07-12,18.758967,18.769715,18.261094,18.310159,12511842.0
2023-07-13,18.570223,19.052106,18.176994,18.903288,10990654.0
2023-07-14,18.839403,19.656331,18.742638,19.251745,12768664.0
2023-07-17,19.801597,20.362591,19.482298,20.177418,15866062.0
2023-07-18,20.140192,20.6786,19.715184,20.477971,12727588.0
2023-07-19,20.758433,21.093514,20.081611,20.258989,19742468.0
2023-07-20,19.033225,19.166181,17.108698,17.312498,24150056.0
2023-07-21,17.788985,17.791858,16.591223,17.008872,20225519.0
2023-07-24,16.581035,17.960164,16.427249,17.900734,14746733.0
2023-07-25,18.218543,18.252588,17.467514,17.499692,10588559.0
2023-07-26,17.296502,17.767917,17.149873,17.419279,10449261.0
2023-07-27,17.802371,17.87048,16.502794,16.549545,10998255.0
2023-07-28,16.940492,17.659664,16.794373,17.600101,8992498.0
2023-07-31,17.676214,17.834705,17.310552,17.668757,6407712.0
2023-08-01,17.560787,17.572316,16.962809,17.049996,6874000.0
2023-08-02,16.500973,16.881307,15.999516,16.369774,10087322.0
2023-08-03,16.151622,16.969305,16.139691,16.860753,8148591.0
2023-08-04,17.010548,17.370127,16.245566,16.31009,7707525.0
2023-08-07,16.082471,16.277005,15.245724,16.071269,11493709.0
2023-08-08,15.692547,16.030409,15.459734,15.9093,5713545.0
2023-08-09,16.03021,16.03021,15.158376,15.199466,9030802.0
2023-08-10,15.481396,16.075657,15.261638,15.488922,10936338.0
2023-08-11,15.133158,15.319398,14.791533,15.207873,10887429.0
2023-08-14,14.551104,15.019383,14.381454,14.94761,8454007.0
2023-08-15,14.850786,15.001736,14.270236,14.308722,9126960.0
2023-08-16,13.853042,14.380959,13.599742,13.623022,9312995.0
2023-08-17,13.667138,13.710894,12.990797,13.031315,10466978.0
2023-08-18,12.571987,12.880014,12.409769,12.700749,12778698.0
2023-08-21,13.23964,14.170107,13.135791,14.100636,16029861.0
2023-08-22,14.90664,14.948712,13.919375,14.271396,15892039.0
2023-08-23,13.901447,14.779987,13.897553,14.591036,13978876.0
2023-08-24,14.762338,14.769496,13.786784,13.960785,11860061.0
2023-08-25,14.069986,14.755759,13.982335,14.730638,14652547.0
2023-08-28,15.100962,15.250216,14.433915,14.760931,14235188.0
2023-08-29,14.711796,16.450375,14.660742,16.438264,17480388.0
2023-08-30,16.159345,16.761978,15.799382,16.431231,17712381.0
2023-08-31,16.340644,16.797882,16.233816,16.521916,12713314.0
2023-09-01,16.441392,16.599132,15.021128,15.259784,18581842.0
2023-09-05,15.22897,16.469164,15.228616,16.330211,15338266.0
2023-09-06,16.199925,16.219904,15.234645,15.900526,15991573.0
2023-09-07,15.228611,15.957259,15.061073,15.829182,13452785.0
2023-09-08,15.818386,16.298265,15.368013,15.546315,12733782.0
2023-09-11,17.009846,18.01874,16.686386,17.908953,27975696.0
2023-09-12,17.620798,18.35875,17.211365,17.298812,17360290.0
2023-09-13,17.560447,18.024493,17.349383,17.674321,15690142.0
2023-09-14,17.65123,18.190158,17.567798,18.119165,15401351.0
2023-09-15,18.271476,18.399332,17.618087,17.962521,16394011.0
2023-09-18,17.641371,17.660039,16.898064,17.059196,14059734.0
2023-09-19,16.86904,17.189777,16.549763,17.051713,11361773.0
2023-09-20,17.119434,17.770497,16.670149,16.68706,13832989.0
2023-09-21,16.207781,16.502138,15.876659,16.020158,16868731.0
2023-09-22,16.172725,16.205575,14.960335,14.990883,15706833.0
2023-09-25,14.841414,15.191821,14.388623,15.179669,13502286.0
2023-09-26,14.819548,15.422078,14.692722,14.930729,11115431.0
2023-09-27,14.949916,15.021581,14.042786,14.571159,19042091.0
2023-09-28,14.551317,15.209523,14.410117,15.111419,15253586.0
2023-09-29,15.448585,15.879096,15.103993,15.467932,14340326.0
2023-10-02,14.959308,15.829235,14.748309,15.591216,14431078.0
2023-10-03,15.31863,15.429143,14.921401,15.119791,8963467.0
2023-10-04,15.279954,16.51507,15.209526,16.46017,14475239.0
2023-10-05,16.332225,16.672676,15.981257,16.317757,11046730.0
2023-10-06,15.729163,16.488514,15.451328,16.371102,14775245.0
2023-10-09,15.882066,16.449256,15.580256,16.280121,9833905.0
2023-10-10,16.120605,17.158732,16.100436,16.651464,14275755.0
2023-10-11,16.909533,17.128035,16.398887,16.611604,11171161.0
2023-10-12,16.601468,16.81565,15.993638,16.220504,11748219.0
2023-10-13,16.208067,16.269093,15.383468,15.459572,13119687.0
2023-10-16,15.370251,15.860756,15.227615,15.742417,7851793.0
2023-10-17,15.350208,16.027503,15.088239,15.819073,9497627.0
2023-10-18,15.623643,15.787448,14.618961,14.679607,14720616.0
2023-10-19,13.149446,13.576738,12.319675,12.628398,29976242.0
2023-10-20,12.350353,12.506527,11.778977,11.917403,20443465.0
2023-10-23,11.738514,12.324748,11.113652,11.920222,23237705.0
2023-10-24,12.288748,12.759103,12.090813,12.298295,17714742.0
2023-10-25,12.240877,12.597147,11.920698,11.949865,15191372.0
2023-10-26,11.842136,12.14119,11.297595,11.369656,18561926.0
2023-10-27,11.78157,11.922506,11.373809,11.501729,14775336.0
2023-10-30,11.668196,11.790352,10.438247,10.669769,24958954.0
2023-10-31,10.558877,11.108238,10.400082,10.94909,18550707.0
2023-11-01,11.208488,11.370603,10.699091,11.349557,15808494.0
2023-11-02,11.939892,12.45867,11.819753,12.411874,14725822.0
2023-11-03,12.621458,13.071248,12.391037,12.510268,15036466.0
2023-11-06,12.871203,13.059878,12.091426,12.450758,16600457.0
2023-11-07,12.510122,12.778748,12.14964,12.707672,11312102.0
2023-11-08,12.780034,12.85936,12.309004,12.697459,10696483.0
2023-11-09,12.486923,12.574843,11.370757,11.649697,17935107.0
2023-11-10,11.645624,12.08952,11.291201,12.02867,12291390.0
2023-11-13,12.109508,12.929166,11.77116,12.791846,19271569.0
2023-11-14,13.767327,14.02755,13.390399,13.960842,21314925.0
2023-11-15,14.139719,14.781105,13.880617,14.45106,19786625.0
2023-11-16,14.128222,14.259513,13.372311,13.598964,18144045.0
2023-11-17,13.460833,13.94143,12.990024,13.69078,16573098.0
2023-11-20,13.648939,13.910304,13.379649,13.78091,12708566.0
2023-11-21,13.718433,14.477995,13.579894,14.260967,16215100.0
2023-11-22,14.339585,14.510196,13.388622,13.638927,17845074.0
2023-11-24,13.591323,14.030215,13.47904,13.751588,7608952.0
2023-11-27,13.859179,14.003251,13.451069,13.801795,13304592.0
2023-11-28,13.851761,14.745023,13.617623,14.727639,20586672.0
2023-11-29,14.947823,15.259147,14.369876,14.499048,18735957.0
2023-11-30,14.587841,14.591206,13.838573,14.110431,20582435.0
2023-12-01,13.499295,14.130222,13.401502,13.998397,17444228.0
2023-12-04,13.729709,14.05384,13.524679,13.718222,14024740.0
2023-12-05,13.560618,14.688709,13.550125,14.011213,18290774.0
2023-12-06,14.369598,14.682889,14.025968,14.049006,17150041.0
2023-12-07,14.249654,14.457262,13.83025,14.328283,16756604.0
2023-12-08,13.837645,14.286653,13.760997,14.139903,15374787.0
2023-12-11,14.081596,14.121095,13.606645,13.777737,13415242.0
2023-12-12,13.67914,13.718154,13.289675,13.549854,13251826.0
2023-12-13,13.310143,13.841621,12.801306,13.748971,21044283.0
2023-12-14,13.909996,15.009232,13.892925,14.758672,22927507.0
2023-12-15,14.772844,15.028252,14.520263,14.950361,15100008.0
2023-12-18,15.00711,15.442875,14.785702,14.849083,16972206.0
2023-12-19,14.949755,15.40011,14.940166,15.289293,11462837.0
2023-12-20,15.232092,15.535014,14.380398,14.401357,18492795.0
2023-12-21,14.696278,14.92954,14.387092,14.909508,11953541.0
2023-12-22,15.108998,15.225631,14.618944,14.72957,10489439.0
2023-12-26,14.889681,15.200436,14.760399,15.080765,9628420.0
2023-12-27,15.230052,15.679937,15.159433,15.512337,13678634.0
2023-12-28,15.697806,15.830111,14.72112,14.768797,15333908.0
2023-12-29,14.931064,14.940851,14.260804,14.360144,14860673.0
2024-01-02,14.487986,14.578237,13.995731,14.349199,13281673.0
2024-01-03,14.041742,14.096413,13.300972,13.469874,14303449.0
2024-01-04,13.529668,13.827154,13.410303,13.425785,11552921.0
2024-01-05,13.318132,13.59909,13.166622,13.370029,8998952.0
2024-01-08,13.271762,13.692203,13.198451,13.627773,10408028.0
2024-01-09,13.430195,13.49953,12.909054,13.148856,13390792.0
2024-01-10,13.170613,13.198749,12.859771,13.069487,11028755.0
2024-01-11,12.791045,12.811317,12.34942,12.499254,18318415.0
2024-01-12,11.91944,12.33757,11.668689,11.809839,17362402.0
2024-01-16,11.519294,12.182028,11.270152,11.898934,16485075.0
2024-01-17,11.480396,11.54195,11.238397,11.54195,12494387.0
2024-01-18,11.651637,11.679255,10.977723,11.236143,16130618.0
2024-01-19,11.070427,11.329497,10.890221,11.2589,14141395.0
2024-01-22,11.254256,11.700927,10.780231,10.978795,16828992.0
2024-01-23,11.171966,11.521735,10.898954,11.010607,15483763.0
2024-01-24,11.229032,11.291173,10.817988,10.898928,17494313.0
2024-01-25,9.459559,9.710432,8.710012,8.930132,31403226.0
2024-01-26,9.114631,9.189962,8.877677,8.960952,13849011.0
2024-01-29,9.139835,9.553981,8.979772,9.521594,18862517.0
2024-01-30,9.840402,9.918801,9.489452,9.558903,20056209.0
2024-01-31,9.220492,9.736627,9.129471,9.238544,15151416.0
2024-02-01,9.319167,9.426063,9.009538,9.34126,11576115.0
2024-02-02,9.054243,9.334248,8.848974,9.278379,14760840.0
2024-02-05,9.000812,9.029486,8.319319,8.77074,20866337.0
2024-02-06,8.495737,9.160529,8.490114,9.050104,14278189.0
2024-02-07,9.299121,9.399342,8.881559,9.248534,16849902.0
2024-02-08,9.341076,9.539685,9.091778,9.378991,13334738.0
2024-02-09,9.439868,9.719079,9.380719,9.679178,12983840.0
2024-02-12,9.580395,9.760776,9.201098,9.258789,14909460.0
2024-02-13,8.960299,9.199087,8.819537,8.959638,14555749.0
2024-02-14,9.040326,9.320121,8.916615,9.309564,12076899.0
2024-02-15,9.339616,10.200685,9.31045,10.159891,22308631.0
2024-02-16,10.310128,10.364339,9.920943,10.119256,18956436.0
2024-02-20,9.839484,10.007627,9.299225,9.648666,15449037.0
2024-02-21,9.610136,10.06979,9.511167,9.720445,12630190.0
2024-02-22,9.669682,9.979473,9.459622,9.901213,13635579.0
2024-02-23,9.759508,9.920292,9.479171,9.500195,10827765.0
2024-02-26,9.509791,10.229219,9.508517,10.059326,15264302.0
2024-02-27,10.400475,10.521433,9.961502,10.080261,14279681.0
2024-02-28,10.120189,10.495727,9.980109,10.25016,13611724.0
2024-02-29,10.409867,10.485218,9.969122,10.230444,11495922.0
2024-03-01,10.119624,10.428581,9.97257,10.279593,9973529.0
2024-03-04,9.980458,10.050711,9.071347,9.178223,22508355.0
2024-03-05,8.801524,8.919433,8.410831,8.638481,16792150.0
2024-03-06,8.570179,8.679381,8.134594,8.339186,19729697.0
2024-03-07,8.170414,8.574226,8.128765,8.481855,17509653.0
2024-03-08,8.689292,8.769313,8.190119,8.23977,17378295.0
2024-03-11,8.239637,8.768887,8.209138,8.409024,13013932.0
2024-03-12,8.409799,8.525344,8.029854,8.400502,14023604.0
2024-03-13,8.071439,8.279673,7.800026,7.819922,21291873.0
2024-03-14,7.690653,7.929381,7.193425,7.339707,24953363.0
2024-03-15,7.380591,7.510448,7.209797,7.400186,12610784.0
2024-03-18,7.839977,8.160538,7.560849,8.100021,21079825.0
2024-03-19,7.90016,7.939548,7.569602,7.848678,13278946.0
2024-03-20,7.960582,8.179349,7.803499,8.138992,13967623.0
2024-03-21,8.180111,8.299872,7.861636,7.939295,11960229.0
2024-03-22,7.509137,7.819433,7.484708,7.789662,11340008.0
2024-03-25,7.649974,8.088875,7.649616,7.920264,10849415.0
2024-03-26,8.324981,8.721021,8.240963,8.269578,19946763.0
2024-03-27,8.528651,8.544466,8.139901,8.399779,12725912.0
2024-03-28,8.22832,8.374374,8.079837,8.109693,10505786.0
2024-04-01,8.149869,8.179935,7.729821,8.078935,11186406.0
2024-04-02,7.109831,7.379531,6.999664,7.290576,20942435.0
2024-04-03,7.059935,7.470727,6.999696,7.440178,11147517.0
2024-04-04,7.580159,8.20847,7.394634,7.669557,24618426.0
2024-04-05,7.490364,7.639251,6.719745,7.110915,33963669.0
2024-04-08,7.490848,7.931193,7.349382,7.808873,17545610.0
2024-04-09,7.799095,8.359955,7.700939,8.150282,24168232.0
2024-04-10,7.810345,7.970115,7.509274,7.668124,30489662.0
2024-04-11,7.751107,8.036552,7.379402,7.930571,20385805.0
2024-04-12,7.710996,7.850259,7.529994,7.589826,14603630.0
2024-04-15,7.519185,7.560804,6.728975,6.74959,25250498.0
2024-04-16,6.360219,6.468353,6.100793,6.380167,20730712.0
2024-04-17,6.410207,6.475411,6.099135,6.240378,19586088.0
2024-04-18,5.899709,5.974455,5.700323,5.788979,29995267.0
2024-04-19,5.709302,5.860572,5.505713,5.570378,20751200.0
2024-04-22,5.079844,5.367799,4.939868,5.188964,30524345.0
2024-04-23,5.280644,5.564507,5.120017,5.391067,31844129.0
2024-04-24,6.734769,7.109587,6.329473,6.659943,48473665.0
2024-04-25,6.399906,7.375229,6.350613,7.339995,32862010.0
2024-04-26,7.219776,7.489495,6.995591,7.149993,28771516.0
2024-04-29,8.87101,9.759493,8.540725,9.360477,83315515.0
2024-04-30,8.680071,9.040012,8.271134,8.331323,35218966.0
2024-05-01,8.188449,8.540227,7.919852,8.010027,25946112.0
2024-05-02,8.257978,8.409461,7.648962,8.009582,28878904.0
2024-05-03,8.17993,8.429951,7.860353,8.109941,24763047.0
2024-05-06,8.33954,8.669599,8.18977,8.431247,28898726.0
2024-05-07,8.209519,8.270783,7.741841,7.779402,28376206.0
2024-05-08,7.236091,7.630199,7.117855,7.519952,25619856.0
2024-05-09,7.54093,7.575145,7.209034,7.269741,19141339.0
2024-05-10,7.370187,7.370187,6.90994,6.979556,23020043.0
2024-05-13,7.090664,7.539973,7.011202,7.25004,22824668.0
2024-05-14,7.471104,7.88962,7.429817,7.718934,30457608.0
2024-05-15,7.940087,7.940087,7.340136,7.421264,31148522.0
2024-05-16,7.429664,7.558977,7.191471,7.47037,19002383.0
2024-05-17,7.368806,7.883507,7.299253,7.70042,21560872.0
2024-05-20,7.710578,7.729981,7.360241,7.491327,24972511.0
2024-05-21,7.506156,8.495471,7.46931,8.469903,42028242.0
2024-05-22,8.129153,8.219679,7.700351,7.890891,29059707.0
2024-05-23,8.029596,8.030567,7.270483,7.31917,34685394.0
2024-05-24,7.419422,7.84205,7.320867,7.769822,24808698.0
2024-05-28,7.510478,7.690281,7.24552,7.559932,30120973.0
2024-05-29,7.339771,7.670178,7.320661,7.510217,19280497.0
2024-05-30,7.701029,8.05733,7.434423,7.728687,37087115.0
2024-05-31,7.699011,7.850863,7.290151,7.650833,25380368.0
2024-06-03,7.652093,8.040291,7.340021,7.510905,33021081.0
2024-06-04,7.371085,7.619581,7.310044,7.369736,26934788.0
2024-06-05,7.419744,7.479864,7.140565,7.390496,29299206.0
2024-06-06,7.339366,7.780335,7.19054,7.639672,32282633.0
2024-06-07,7.469164,7.738698,7.420722,7.581046,27294730.0
2024-06-10,7.470242,7.678751,7.209987,7.269096,29393880.0
2024-06-11,7.280037,7.340155,6.728963,7.010345,30224140.0
2024-06-12,7.049762,7.809657,6.939373,7.549584,44200735.0
2024-06-13,8.489659,8.711457,7.880449,7.989148,79817608.0
2024-06-14,8.274933,8.281205,7.490461,7.568835,52759158.0
2024-06-17,7.579834,8.49961,7.510105,8.380281,62763947.0
2024-06-18,8.309514,8.349498,7.924173,8.159083,36081844.0
2024-06-20,8.130978,8.179391,7.694756,7.850967,30461928.0
2024-06-21,7.901067,8.051583,7.770531,7.970038,27245948.0
2024-06-24,8.14986,8.440111,7.931077,7.950475,33800281.0
2024-06-25,7.990443,8.319056,7.810924,8.270466,30231354.0
2024-06-26,8.189539,9.17869,8.179008,9.059259,54566789.0
2024-06-27,8.940605,9.271275,8.849856,9.160143,43441928.0
2024-06-28,9.338253,9.680455,8.940746,9.200342,56000256.0
2024-07-01,9.470238,10.611179,9.464064,10.288717,67112556.0
2024-07-02,11.180492,12.390517,11.098486,12.388348,97270789.0
2024-07-03,12.740041,14.20812,12.712141,14.020266,86378003.0
2024-07-05,14.389262,14.662148,13.549652,14.551101,67955151.0
2024-07-08,14.120317,15.489452,13.769774,14.74041,79917643.0
2024-07-09,14.510041,16.198472,14.419268,15.828265,68592577.0
2024-07-10,15.892606,16.455844,15.293974,15.938762,54584335.0
2024-07-11,15.93799,16.848506,13.080101,13.238863,120070088.0
2024-07-12,12.657699,14.420673,12.36283,14.021077,74780566.0
2024-07-15,14.90544,15.975336,14.422033,14.540523,71429208.0
2024-07-16,14.820267,15.198864,13.732184,14.960349,52725248.0
2024-07-17,14.499684,15.171775,13.749162,14.008537,47110835.0
2024-07-18,14.319494,14.980437,13.868761,14.098016,48464301.0
2024-07-19,13.931624,14.049245,12.691618,12.960764,41120392.0
2024-07-22,13.502471,14.457525,13.452643,14.289613,36132523.0
2024-07-23,14.489367,14.749288,13.61014,13.697543,60894810.0
2024-07-24,11.341707,11.420367,10.191936,10.287815,86310462.0
2024-07-25,10.390667,11.258855,10.328499,10.720679,56045620.0
2024-07-26,10.790978,10.901321,10.219562,10.668132,42767463.0
2024-07-29,11.150032,12.050701,11.139162,11.849187,52319761.0
2024-07-30,11.850049,11.866149,10.607844,10.880816,45339162.0
2024-07-31,11.401695,12.043547,11.285505,11.790445,32142996.0
2024-08-01,11.329196,11.766762,10.000557,10.259831,45877861.0
2024-08-02,10.010205,10.168874,9.200738,9.368637,48502195.0
2024-08-05,7.320564,9.018571,7.055158,8.581052,61871791.0
2024-08-06,8.739522,8.908854,8.028507,8.700587,46650593.0
2024-08-07,8.729311,8.960636,7.918892,7.949722,46692142.0
2024-08-08,8.279525,8.679694,7.959939,8.549944,34920928.0
2024-08-09,8.360967,8.690973,8.199793,8.621649,27690384.0
2024-08-12,8.530161,8.538798,8.15103,8.399866,33899089.0
2024-08-13,8.479717,9.330325,8.365682,9.290243,45221521.0
2024-08-14,9.239296,9.319449,8.460372,8.699073,48781934.0
2024-08-15,9.000596,9.938456,8.990204,9.789266,46329168.0
2024-08-16,9.509998,10.299581,9.470169,9.969838,40905409.0
2024-08-19,10.054982,10.589237,9.771156,10.572306,44889774.0
2024-08-20,10.76899,11.078882,10.261123,10.411723,37807868.0
2024-08-21,10.549656,10.737575,10.195359,10.610691,31390756.0
2024-08-22,10.669154,10.750633,9.390904,9.421786,42344412.0
2024-08-23,9.740781,10.360666,9.7135,10.24886,35717836.0
2024-08-26,10.100013,10.136803,9.38972,9.599783,30972613.0
2024-08-27,9.578537,9.811128,9.020922,9.228655,31713817.0
2024-08-28,9.260492,9.459925,8.64499,8.909558,36556957.0
2024-08-29,9.259698,9.708261,8.934445,8.959549,37460409.0
2024-08-30,9.162128,9.669293,9.019113,9.630987,32270466.0
2024-09-03,9.739869,10.151332,9.220229,9.319365,53634535.0
2024-09-04,9.310398,10.327811,9.310398,10.090261,43144161.0
2024-09-05,10.459679,11.519381,10.349143,11.069915,75474421.0
2024-09-06,11.299583,11.389195,9.199795,9.200328,74393346.0
2024-09-09,9.679998,9.989871,9.449329,9.690834,37636398.0
2024-09-10,10.000132,10.578849,9.882095,10.550782,56427601.0
2024-09-11,10.400564,10.76009,9.678767,10.729602,59048340.0
2024-09-12,10.412092,11.038931,10.325786,10.889974,55903837.0
2024-09-13,10.710774,11.149828,10.548675,10.910304,45232427.0
2024-09-16,10.831189,10.891392,10.284789,10.590831,40019430.0
2024-09-17,10.838042,11.309729,10.560288,10.680332,46658430.0
2024-09-18,10.892056,11.408759,10.59049,10.620111,61171139.0
2024-09-19,11.247478,12.200254,11.089663,12.180408,60905603.0
2024-09-20,11.930687,12.1735,11.371105,11.609526,49039107.0
2024-09-23,12.021237,12.750487,11.9505,12.730734,47999493.0
2024-09-24,13.090186,13.390359,12.581552,13.099717,59554453.0
2024-09-25,12.908697,13.374663,12.879934,13.367777,35591564.0
2024-09-26,13.743647,13.861054,12.799859,13.07106,53370435.0
2024-09-27,13.39139,13.730218,13.059225,13.709771,39265109.0
2024-09-30,13.55026,14.169294,13.208739,13.822208,58458615.0
2024-10-01,13.942793,14.071541,12.439756,13.45226,77223280.0
2024-10-02,12.363358,12.730494,11.719812,12.509292,73325815.0
2024-10-03,12.049068,12.579264,11.380454,11.671629,58904880.0
2024-10-04,12.235505,12.652003,12.030668,12.540963,68586816.0
2024-10-07,12.447443,12.530527,11.62999,11.640258,57280324.0
2024-10-08,11.898804,12.150348,11.609601,11.990283,39178954.0
2024-10-09,11.910164,12.263834,11.497298,11.650973,53054952.0
2024-10-10,11.731923,11.801943,10.800114,11.410091,71983645.0
2024-10-11,9.630775,9.940591,9.100228,9.398615,120671702.0
2024-10-14,9.608044,9.750267,9.051064,9.519686,76729398.0
2024-10-15,9.600691,9.949046,9.330991,9.550966,52974928.0
2024-10-16,9.697914,9.819128,9.495417,9.689505,40167840.0
2024-10-17,9.709348,9.759834,9.400093,9.648231,36256524.0
2024-10-18,9.621546,9.770018,9.505833,9.618662,31843270.0
2024-10-21,9.470908,9.605282,9.190725,9.469618,34800202.0
2024-10-22,9.30983,9.405644,9.148943,9.380896,40528034.0
2024-10-23,9.301135,9.440513,8.879419,9.008613,79688134.0
2024-10-24,11.620972,13.090785,11.448242,12.951385,152609808.0
2024-10-25,12.50102,13.839177,12.428836,13.798448,137906765.0
2024-10-28,13.887133,14.251598,13.098774,13.128801,83666000.0
2024-10-29,13.320286,13.369237,12.421149,12.810423,55271201.0
2024-10-30,12.657874,13.190806,12.449272,12.622208,45858721.0
2024-10-31,12.668322,12.831489,11.810077,11.860549,49148367.0
2024-11-01,12.061385,12.245056,11.549697,11.769378,42683808.0
2024-11-04,11.34005,11.760467,10.809763,11.200128,55999402.0
2024-11-05,11.595473,12.324785,11.501227,11.979828,50967571.0
2024-11-06,15.136641,15.598561,14.268363,15.491313,163864889.0
2024-11-07,15.528781,16.698927,15.179925,16.388571,91198618.0
2024-11-08,16.628392,19.880973,16.459465,19.061723,188372235.0
2024-11-11,22.059736,23.499807,20.7975,22.500275,181422563.0
2024-11-12,21.500034,21.920573,19.051825,19.711109,143556984.0
2024-11-13,20.608927,21.627841,19.001199,19.920467,104275966.0
2024-11-14,19.599688,19.879752,17.521797,17.610774,91173418.0
2024-11-15,17.563226,19.119193,17.380413,18.708827,89755667.0
2024-11-18,20.999192,21.899772,19.741752,20.770097,114866416.0
2024-11-19,20.399806,21.815124,20.033657,21.618594,67570651.0
2024-11-20,21.537837,21.712072,20.179001,21.141668,52221005.0
2024-11-21,21.353306,21.859598,20.304171,20.83219,47485012.0
2024-11-22,21.001124,22.90039,20.586976,22.429722,63844085.0
2024-11-25,23.410001,23.588182,20.595705,20.631446,74173811.0
2024-11-26,20.910972,21.640764,20.255928,20.58173,40479560.0
2024-11-27,21.009029,21.07698,19.160696,19.919521,39088336.0
2024-11-29,20.293084,21.380929,20.130586,21.365886,23422878.0
2024-12-02,22.283958,23.207733,22.104301,22.829239,55154970.0
2024-12-03,22.129814,22.645621,21.700508,22.109445,34754612.0
2024-12-04,22.323205,22.942603,21.750016,22.900007,31751498.0
2024-12-05,23.174434,25.149954,23.127262,24.38529,56994561.0
2024-12-06,25.429696,26.999036,24.557056,26.994154,53756668.0
2024-12-09,28.157732,29.128084,25.413894,27.085531,75544338.0
2024-12-10,27.442858,29.809302,27.179896,28.590653,67071273.0
2024-12-11,29.843435,31.97867,28.79305,31.97867,62261835.0
2024-12-12,31.664486,32.362844,30.175754,30.620957,56842452.0
2024-12-13,30.923425,33.284977,30.279446,33.27688,54482000.0
2024-12-16,34.027536,37.378519,33.257409,37.371858,75149623.0
2024-12-17,39.467029,40.757423,36.476878,40.092009,101104631.0
2024-12-18,37.821681,41.498253,31.222034,33.551854,117263270.0
2024-12-19,35.221823,35.877221,30.341054,32.806505,105181774.0
2024-12-20,31.17528,34.421384,30.002132,30.478996,106978781.0
2024-12-23,31.808344,32.301361,29.539371,31.848012,55167517.0
2024-12-24,32.504731,36.420543,32.397918,36.418818,42291283.0
2024-12-26,36.816567,36.872761,34.577593,35.075291,55783856.0
2024-12-27,34.302639,34.376326,30.794826,31.602177,64433864.0
2024-12-30,29.750201,30.88283,29.250382,29.505028,48703229.0
2024-12-31,30.389982,30.950311,27.230109,27.534329,61960196.0
2025-01-02,25.699042,26.004782,23.359213,24.188825,106802043.0
2025-01-03,24.43911,28.30748,24.198936,28.16837,69864069.0
2025-01-06,29.870404,30.329565,26.920086,28.2221,76946806.0
2025-01-07,27.467587,28.643071,25.29827,25.94135,75182461.0
2025-01-08,25.721425,26.949554,24.965968,25.978329,56871852.0
2025-01-10,25.458963,26.47823,24.530329,25.921914,50833060.0
2025-01-13,24.383743,27.059419,23.979443,26.999853,56768480.0
2025-01-14,28.503396,29.590796,25.834321,26.097066,82696130.0
2025-01-15,27.839934,30.456378,27.289109,30.218552,69816748.0
2025-01-16,29.557892,29.596303,27.563226,28.192253,60852268.0
2025-01-17,29.260561,31.69263,28.985127,29.908649,71308050.0
2025-01-21,30.768609,30.80029,27.075732,29.530216,75046911.0
2025-01-22,28.547291,30.078328,28.221307,28.302825,47025680.0
2025-01-23,28.410663,29.01981,27.442037,27.897592,35893312.0
2025-01-24,28.162703,28.626302,26.989019,27.093149,37472403.0
2025-01-27,25.471348,27.084764,24.738286,25.821921,51220726.0
2025-01-28,25.7832,26.258516,24.427669,25.938602,32190232.0
2025-01-29,25.550381,25.98593,24.159118,24.730096,59813412.0
2025-01-30,27.492446,27.713876,24.147534,26.18348,84016752.0
2025-01-31,26.318002,28.723402,26.294835,26.702304,65320658.0
2025-02-03,24.328263,24.647749,22.71955,23.957123,82717884.0
2025-02-04,23.791216,25.19403,23.642698,24.971092,44223541.0
2025-02-05,24.336558,24.485647,22.858652,23.198623,52869436.0
2025-02-06,22.557458,22.842895,21.34937,22.706673,68738576.0
2025-02-07,22.180652,23.429534,20.998199,21.129284,72054343.0
2025-02-10,20.498012,21.25684,19.835274,19.870549,76431805.0
2025-02-11,19.302779,19.700342,16.959028,17.352181,116568506.0
2025-02-12,17.501791,19.210041,17.419408,18.158963,117565076.0
2025-02-13,19.087595,20.550655,18.864931,20.270412,99631645.0
2025-02-14,20.766176,20.91959,19.2766,20.235006,76099918.0
2025-02-18,20.158771,20.578235,19.548,20.013049,52347399.0
2025-02-19,19.989634,21.499632,19.972729,20.727737,67237226.0
2025-02-20,20.849428,20.922359,19.277274,20.012108,56054631.0
2025-02-21,19.90899,20.060012,17.751495,18.107135,72760761.0
2025-02-24,18.149502,18.601814,16.707032,17.329164,79825227.0
2025-02-25,16.968469,17.000903,13.847755,14.410174,167515026.0
2025-02-26,14.496759,15.006614,13.0114,13.289414,116080257.0
2025-02-27,13.280232,13.85339,12.362215,12.469897,147119058.0
2025-02-28,12.220063,13.47184,11.710879,13.450326,154474137.0
2025-03-03,14.088969,14.419052,12.001522,12.668567,154643585.0
2025-03-04,11.435455,12.618221,10.620356,11.530317,192732388.0
2025-03-05,11.609245,12.151283,11.161917,12.131696,115535664.0
2025-03-06,11.501351,11.550992,10.450839,10.751462,134970299.0
2025-03-07,10.389398,10.972323,9.709936,10.659614,143018642.0
2025-03-10,9.840847,9.915025,7.220781,7.379586,259189626.0
2025-03-11,7.590814,8.37059,7.111056,7.909402,304706814.0
2025-03-12,9.081577,9.38957,8.650334,9.141324,222811001.0
2025-03-13,9.128953,9.149095,8.062324,8.570643,217489790.0
2025-03-14,9.030059,9.350823,8.581063,9.220291,160202209.0
2025-03-17,8.861567,8.870897,7.972014,8.340683,155721360.0
2025-03-18,7.658652,7.782832,7.250247,7.470478,180755107.0
2025-03-19,7.869382,8.511388,7.710776,8.139968,151915662.0
2025-03-20,7.969253,8.299511,7.748646,8.161081,147115264.0
2025-03-21,8.079731,9.081859,8.038941,9.041234,175790759.0
2025-03-24,9.705806,11.190615,9.579141,11.159466,217478065.0
2025-03-25,11.499506,11.869022,10.510135,11.848713,242613187.0
2025-03-26,11.410847,11.588434,10.089968,10.549617,234893027.0
2025-03-27,10.550518,12.060085,10.511192,10.620876,286674495.0
2025-03-28,10.77841,10.828685,9.628575,9.849303,200179999.0
2025-03-31,8.7902,9.640518,8.355792,9.519004,193579730.0
2025-04-01,9.85981,10.864047,9.539588,10.208633,203056281.0
2025-04-02,9.160624,11.459525,8.919698,11.269948,369361827.0
2025-04-03,9.900696,10.777849,9.59071,10.029665,238788686.0
2025-04-04,9.159516,9.558986,7.689929,7.938207,344211175.0
2025-04-07,6.909374,8.80119,6.290129,7.540877,472092159.0
2025-04-08,8.300509,8.640024,6.540308,6.790363,278694823.0
2025-04-09,6.976266,10.020208,6.919751,9.860328,385105384.0
2025-04-10,8.979877,9.158272,7.510076,8.449833,307459689.0
2025-04-11,8.385169,8.780105,7.700104,8.410832,196832898.0
2025-04-14,8.828879,9.040815,7.988182,8.400104,194653347.0
2025-04-15,8.257274,8.840155,8.090869,8.529928,142886396.0
2025-04-16,8.11028,8.380498,7.169993,7.690637,148455614.0
2025-04-17,7.809197,7.848811,7.419441,7.670632,86153859.0
2025-04-21,6.960134,7.060042,6.49058,6.779864,151308909.0
2025-04-22,6.981002,7.67901,6.920044,7.389081,167866224.0
2025-04-23,8.445769,8.732169,7.801533,8.199436,233171762.0
2025-04-24,8.180268,8.749302,8.091219,8.740917,166852468.0
2025-04-25,8.909712,10.590389,8.759405,10.450339,266969931.0
2025-04-28,10.763196,11.189476,9.550957,10.539343,271910212.0
2025-04-29,10.499006,11.066518,10.059626,10.971827,195062769.0
2025-04-30,10.060201,10.397516,9.379713,10.249373,216972291.0
2025-05-01,10.085566,10.860654,10.060859,10.100289,165208162.0
2025-05-02,10.430113,11.121458,10.050352,10.569605,247125302.0
2025-05-05,10.380292,10.400121,9.640475,10.059599,179129684.0
2025-05-06,9.545596,9.8802,9.439956,9.708877,136156232.0
2025-05-07,9.818817,9.881443,9.401625,9.77076,123987147.0
2025-05-08,10.008893,10.719972,9.990342,10.370387,183352559.0
2025-05-09,10.759112,11.978483,10.739164,11.338826,251834486.0
2025-05-12,13.141318,13.169571,12.349552,12.872365,223931149.0
2025-05-13,12.990345,14.408751,12.740294,14.107741,306527889.0
2025-05-14,14.840495,15.471748,14.373939,15.249981,271642458.0
2025-05-15,14.618972,15.12984,14.12813,14.819965,202077814.0
2025-05-16,15.114233,15.589962,14.788671,15.419489,212212575.0
2025-05-19,14.234961,14.842705,13.990115,14.741647,185450757.0
2025-05-20,15.248702,15.850294,14.710049,14.898781,261904559.0
2025-05-21,14.94349,15.190363,13.881604,14.069424,213873470.0
2025-05-22,13.865044,15.138772,13.817422,14.617871,182674055.0
2025-05-23,14.309222,14.798197,13.952852,14.481181,166648211.0
2025-05-27,15.149664,16.540001,15.149664,16.460974,226348022.0
2025-05-28,16.662167,16.662167,15.829211,15.907683,165318441.0
2025-05-29,16.666514,16.880275,15.831595,16.050819,146664648.0
2025-05-30,15.783889,16.500914,14.858664,14.910391,183457351.0
2025-06-02,14.709979,15.100599,13.829987,14.641398,145470281.0
2025-06-03,14.95999,15.708127,14.659524,14.768409,150391719.0
2025-06-04,14.839204,14.864905,13.308597,13.721228,195382254.0
2025-06-05,12.920588,13.081161,8.859773,9.809454,539245995.0
2025-06-06,10.769804,11.220219,10.241924,10.499444,305670103.0
2025-06-09,9.85434,11.548859,9.56135,11.46082,257856416.0
2025-06-10,11.935705,12.880938,11.608947,12.748697,246517749.0
2025-06-11,13.408942,13.478219,12.479839,12.782252,228937810.0
2025-06-12,12.49889,13.243487,12.020937,12.188925,186732057.0
2025-06-13,11.786142,13.237711,11.742071,12.649575,246149799.0
2025-06-16,13.12015,13.180061,12.750363,12.938737,159778078.0
2025-06-17,12.709392,12.794091,11.820317,11.93999,143543775.0
2025-06-18,12.005996,12.911335,11.860408,12.369448,141171616.0
2025-06-20,12.804112,13.135941,12.030353,12.360512,193995721.0
2025-06-23,12.770078,15.059696,12.759225,14.389413,362240583.0
2025-06-24,14.924988,14.940668,13.618356,13.620421,222713747.0
2025-06-25,13.790121,13.799528,12.041261,12.580496,236873922.0
2025-06-26,12.359304,12.839366,12.301919,12.440327,136724964.0
2025-06-27,12.330546,12.697934,11.798432,12.268629,146957452.0
2025-06-30,11.982827,12.401601,11.728632,11.810317,131016163.0
2025-07-01,10.381257,10.927178,10.000615,10.539939,251120652.0
2025-07-02,11.380913,11.670469,10.759284,11.581421,194677432.0
2025-07-03,11.740029,11.77119,11.360032,11.531147,91068476.0
2025-07-07,9.788899,10.140097,9.598501,9.982061,239967616.0
2025-07-08,10.182336,10.660103,10.020145,10.24197,146703453.0
2025-07-09,10.20933,10.38774,9.938356,10.089663,119513486.0
2025-07-10,10.391148,11.078848,10.380012,11.039468,161543142.0
2025-07-11,10.881327,11.329065,10.730445,11.279651,117933494.0
2025-07-14,11.591007,11.939769,11.232033,11.530818,113106345.0
2025-07-15,11.729482,11.841181,11.060046,11.071742,121062536.0
2025-07-16,11.211702,11.977842,11.211702,11.84039,157619921.0
2025-07-17,11.953361,12.037886,11.509709,11.668044,112087444.0
2025-07-18,11.853877,12.49744,11.824399,12.402795,142945008.0
2025-07-21,12.778972,13.050503,12.207935,12.330859,118458055.0
2025-07-22,12.431877,12.842736,11.803986,12.590917,172294373.0
2025-07-23,12.501644,12.899489,12.341906,12.660797,173965742.0
2025-07-24,10.930789,10.930789,10.19946,10.540043,284184884.0
2025-07-25,10.782017,11.801993,10.738854,11.270141,212360084.0
2025-07-28,11.440776,12.309005,11.258372,11.949288,186224812.0
2025-07-29,11.970007,12.001269,11.421365,11.641896,123086371.0
2025-07-30,11.699672,11.870377,10.940178,11.47096,127377408.0
2025-07-31,11.519786,11.641304,10.539007,10.68094,163230028.0
2025-08-01,10.539609,10.758179,9.969738,10.320203,167917465.0
2025-08-04,10.731025,10.940027,10.329467,10.729021,132534203.0
2025-08-05,10.721407,10.959442,10.480687,10.700963,96278256.0
2025-08-06,10.639372,11.502462,10.580513,11.460508,121879337.0
2025-08-07,11.460724,11.640794,11.200519,11.609553,105585826.0
2025-08-08,11.56921,12.540263,11.535702,12.130143,149984156.0
2025-08-11,12.551583,13.400966,12.491483,12.839533,163127227.0
2025-08-12,13.308167,13.308561,12.379203,12.959117,151541432.0
2025-08-13,13.030319,13.586425,12.778717,12.859137,134574213.0
2025-08-14,12.579819,12.939868,12.179854,12.549301,135055906.0
2025-08-15,12.707785,12.841161,11.920396,12.190331,116535003.0
2025-08-18,12.117408,12.588248,12.117408,12.509604,91323516.0
2025-08-19,12.562988,12.911472,11.969522,12.069271,117619167.0
2025-08-20,12.059345,12.219053,10.998876,11.680509,136052928.0
2025-08-21,11.540022,11.739731,11.302067,11.412506,83199648.0
2025-08-22,11.501395,12.798918,11.355621,12.798213,148598150.0
2025-08-25,12.69093,13.50167,12.419236,13.279179,132974916.0
2025-08-26,13.148888,13.678108,13.062219,13.669637,95925465.0
2025-08-27,13.701005,13.952058,13.479955,13.496623,96324970.0
2025-08-28,13.612967,13.809141,12.782132,13.200535,105247280.0
2025-08-29,13.310046,13.421293,12.118544,12.28935,118806778.0
2025-09-02,11.869806,12.249098,11.689265,11.95005,105715266.0
2025-09-03,12.359204,12.961254,11.890228,12.280271,124774193.0
2025-09-04,12.439403,12.628491,12.101319,12.609085,91195117.0
2025-09-05,13.291487,13.88131,13.050114,13.508735,194818515.0
2025-09-08,13.813291,14.09085,13.051116,13.161717,107060747.0
2025-09-09,13.320909,13.491579,12.969894,13.198571,81838304.0
2025-09-10,13.490988,13.910929,13.138519,13.259468,122539403.0
2025-09-11,13.459345,14.848605,13.251914,14.83075,174610145.0
2025-09-12,15.024148,17.079549,14.975274,17.031444,276866695.0
2025-09-15,19.379287,19.580683,17.578819,18.210383,328307278.0
2025-09-16,18.627384,19.399129,18.379438,19.249424,163452774.0
2025-09-17,18.731225,19.858928,18.178081,19.639091,195996040.0
2025-09-18,19.927031,20.228164,18.78012,18.788102,165178571.0
2025-09-19,19.260637,19.942333,19.241747,19.631371,110258025.0
2025-09-22,20.089224,21.370157,19.913677,20.351853,156000002.0
2025-09-23,20.829993,20.929783,19.300818,19.504444,124067204.0
2025-09-24,19.861785,21.172476,19.790873,21.02976,128441526.0
2025-09-25,20.320322,20.328113,18.799671,19.197098,156796373.0
2025-09-26,19.635854,20.72034,18.988486,20.712731,138506390.0
2025-09-29,21.098832,21.702447,20.643716,20.983175,120014619.0
2025-09-30,20.824916,21.144149,20.028524,21.110404,104275330.0
2025-10-01,21.032864,22.772484,20.744663,22.503093,125491013.0
2025-10-02,23.608559,23.619094,20.200143,20.218983,238651381.0
2025-10-03,20.870083,21.186861,18.39741,19.630403,197640790.0
2025-10-06,20.632628,21.779191,20.249302,21.752144,145373188.0
2025-10-07,21.251638,21.700144,19.767945,19.830868,172001069.0
2025-10-08,20.23115,20.567134,19.092198,20.309793,123329918.0
2025-10-09,19.680804,20.097242,19.163486,20.013271,102674201.0
2025-10-10,20.117775,20.723471,17.800433,17.958988,211713525.0
2025-10-13,18.861346,20.012103,18.534383,19.887545,106134268.0
2025-10-14,19.091771,19.772717,18.293057,19.30127,112078384.0
2025-10-15,19.834204,20.328774,19.05182,19.837848,101094415.0
2025-10-16,19.810354,20.218062,18.578415,19.242197,115433746.0
2025-10-17,18.956615,20.370367,18.781903,20.16703,132595515.0
2025-10-20,20.610684,21.143872,20.303828,20.907168,88607943.0
2025-10-21,20.742795,21.076203,20.410985,20.460945,69573084.0
2025-10-22,20.527725,20.730633,19.209844,20.098529,122187077.0
2025-10-23,18.399923,21.061164,17.906332,21.008998,185470584.0
2025-10-24,20.821168,21.260292,19.299767,19.589324,127310530.0
2025-10-27,20.139424,21.966886,20.026643,21.250591,167971186.0
2025-10-28,21.487032,22.64153,21.201611,22.019559,140978366.0
2025-10-29,22.220552,22.509007,21.262431,22.090299,116148123.0
2025-10-30,21.102087,21.487372,20.019321,20.06075,116819397.0
2025-10-31,20.665881,21.650495,20.380159,21.54213,117503560.0
2025-11-03,21.490939,23.17839,21.289535,22.635885,123826720.0
2025-11-04,21.280114,21.858433,20.300335,20.339854,123433614.0
2025-11-05,21.025889,22.31253,19.999166,21.921732,110185385.0
2025-11-06,21.918431,22.433384,19.380868,20.411103,170817025.0
2025-11-07,19.641637,19.648633,18.178806,18.870578,145840415.0
2025-11-10,19.758185,20.619745,19.20637,20.230295,97264165.0
2025-11-11,19.707443,19.979066,19.075905,19.68965,76611128.0
2025-11-12,19.948546,19.960405,18.547876,18.909237,86615654.0
2025-11-13,18.236739,18.364524,15.918755,16.382019,176799986.0
2025-11-14,15.089289,17.195992,14.813351,16.577285,178492857.0
2025-11-17,16.100214,18.157035,16.100214,16.921733,139059971.0
2025-11-18,16.624661,16.932708,15.668551,16.288704,115751013.0
2025-11-19,16.690013,17.137786,16.067564,16.510848,104191926.0
2025-11-20,17.370817,18.530229,15.743317,15.772047,180985683.0
2025-11-21,16.317096,16.355214,14.849033,15.431719,148469189.0
2025-11-24,16.283002,17.818203,16.202347,17.49141,119159961.0
2025-11-25,17.230874,17.738934,16.520357,17.640802,89441742.0
2025-11-26,18.020282,18.260215,17.431823,18.231451,91671661.0
2025-11-28,18.219674,18.75026,18.189196,18.522232,47371982.0
2025-12-01,18.092458,18.801439,18.083646,18.488076,65633413.0
2025-12-02,18.577558,19.070924,17.808065,18.409248,71922840.0
2025-12-03,18.669353,19.998636,18.578592,19.923832,95997248.0
2025-12-04,20.188632,20.608581,19.79084,20.56891,69128695.0
2025-12-05,20.441031,20.970197,20.318915,20.607947,53242953.0
2025-12-08,19.931876,20.135013,18.833448,19.232257,76609621.0
2025-12-09,19.041581,20.329471,18.882184,19.682028,62755661.0
2025-12-10,19.200079,20.147139,18.981571,19.659909,61740543.0
2025-12-11,19.438519,19.46878,18.699603,19.254126,54255616.0
2025-12-12,19.345486,20.626322,18.790319,20.27985,104716729.0
2025-12-15,21.202084,22.283117,21.037491,21.707117,130670307.0
2025-12-16,21.428629,23.176887,20.866848,23.031813,111479168.0
2025-12-17,22.883515,23.539494,20.810938,20.908455,124082960.0
2025-12-18,21.891089,23.000529,21.438035,22.340251,90503203.0
2025-12-19,22.779361,22.979354,21.537291,22.113533,72789386.0
2025-12-22,22.930351,23.735863,22.499873,22.8321,92265250.0
2025-12-23,22.749887,22.990753,22.142793,22.400787,62277630.0
2025-12-24,22.651834,22.872579,21.571367,22.347802,49860380.0
2025-12-26,22.316196,22.672094,21.28331,21.392419,68010737.0
2025-12-29,20.832279,20.870593,19.9695,19.988764,76073193.0
2025-12-30,20.112982,20.289866,19.501026,19.527454,66258441.0
2025-12-31,19.6639,19.700202,19.079186,19.109747,49614193.0
2026-01-02,19.789693,19.833511,17.878482,18.119798,112506779.0
2026-01-05,18.906634,19.697833,18.63985,19.219991,80708848.0
2026-01-06,18.773837,18.923078,17.291258,17.650813,121389742.0
2026-01-07,17.86768,18.057599,17.497035,17.510518,59091651.0
2026-01-08,17.217367,17.92899,16.920389,17.849341,64208404.0
2026-01-09,17.839046,18.898265,17.380732,18.570507,70387922.0
2026-01-12,18.256436,19.342762,17.976522,18.889712,64004975.0
2026-01-13,19.010617,19.130489,18.469899,18.7423,58059939.0
2026-01-14,18.381728,18.461254,17.661043,18.070265,73765745.0
2026-01-15,18.22543,18.560482,17.929639,17.979135,60234075.0
2026-01-16,18.062408,18.685804,17.720523,17.912362,54801680.0
2026-01-20,17.226759,17.327815,16.261415,16.407452,76866006.0
2026-01-21,16.592022,17.863604,16.432362,17.331485,85478605.0
2026-01-22,17.642696,18.782182,17.429241,18.769757,86064536.0
2026-01-23,18.598052,19.011394,18.320863,18.719693,66835568.0
2026-01-26,18.381482,18.385398,17.502339,17.578881,50790864.0
2026-01-27,17.745727,17.750531,17.201054,17.219657,41157102.0
2026-01-28,17.300071,17.799251,17.158406,17.240545,75408066.0
2026-01-29,17.753976,17.948575,15.915369,16.061101,119436302.0
2026-01-30,16.745302,17.841884,16.523825,17.110469,104388467.0
2026-02-02,16.370711,16.851729,15.842937,16.420865,75080187.0
2026-02-03,16.605776,16.941673,15.781149,16.402354,79627659.0
2026-02-04,16.300389,16.569907,14.647846,15.172293,98437349.0
2026-02-05,14.500132,14.876892,13.799855,14.499927,89741272.0
2026-02-06,14.764901,15.762343,14.535112,15.49771,86121629.0
2026-02-09,15.429886,16.268541,15.219117,15.966629,60960497.0
2026-02-10,16.038696,16.719679,15.952003,16.560964,62039579.0
2026-02-11,16.778775,17.426517,16.159995,16.799516,71468171.0
2026-02-12,16.958654,17.415858,15.682727,15.88866,82060967.0
2026-02-13,15.68703,16.428043,15.431164,15.931276,80782725.0
2026-02-17,15.538915,15.640126,14.641205,15.410394,75846027.0
2026-02-18,15.430714,15.872791,15.319095,15.430998,51495316.0
2026-02-19,15.136338,15.729617,14.908446,15.460665,56685404.0
2026-02-20,15.194043,15.68129,15.002394,15.441152,59096199.0
2026-02-23,15.11332,15.144747,14.129683,14.531344,69686498.0
2026-02-24,14.54251,15.35281,14.401768,15.251307,56290371.0
2026-02-25,15.461278,16.047816,15.461278,15.841648,40974425.0
2026-02-26,15.620836,15.786132,14.798562,15.169317,53630460.0
2026-02-27,14.740626,15.039936,14.38003,14.700767,55213458.0
2026-03-02,13.81306,14.839808,13.64922,14.741449,58729323.0
2026-03-03,14.140714,14.237014,13.443419,13.959137,73400197.0
2026-03-04,14.320073,15.076432,14.104211,14.909568,63666902.0
2026-03-05,14.580208,15.103216,14.426708,14.859183,54678990.0
2026-03-06,14.305382,14.619629,14.027784,14.210456,62575591.0
2026-03-09,13.721305,14.552662,13.110764,14.351482,82374685.0
2026-03-10,14.582207,14.905461,14.300435,14.377895,60399249.0
2026-03-11,14.584108,15.600036,14.584108,14.990744,66617420.0
2026-03-12,14.781872,14.889565,14.028278,14.061385,57723481.0
2026-03-13,14.328105,14.400071,13.675487,13.768949,57741837.0
2026-03-16,14.10086,14.630459,13.983973,14.06931,58773465.0
2026-03-17,14.063112,14.380439,13.884068,14.318572,52680071.0
2026-03-18,14.298123,14.593027,13.821748,13.858417,47988598.0
2026-03-19,13.438951,13.439966,12.848908,12.970532,90796034.0
2026-03-20,12.900146,12.908553,11.869992,12.11917,83446198.0
2026-03-23,12.442639,13.248933,12.440141,12.947518,112592625.0
2026-03-24,12.560451,13.300378,12.535998,12.998475,64091191.0
2026-03-25,13.46944,13.891399,13.127414,13.17948,61856982.0
2026-03-26,12.888649,13.07897,12.222429,12.251864,65084737.0
2026-03-27,12.069624,12.071127,11.39938,11.559734,73474398.0
2026-03-30,11.809181,11.900769,10.918666,11.129944,66535115.0
2026-03-31,11.524338,12.250405,11.518975,12.149257,87364165.0
2026-04-01,12.610752,12.89087,12.300997,12.770865,90154808.0
2026-04-02,11.609213,12.019074,11.275758,11.370026,136630264.0
2026-04-06,11.500224,11.809429,10.492576,10.871464,129020490.0
2026-04-07,10.464294,10.570947,9.912355,10.49007,134417903.0
2026-04-08,11.531698,11.569107,10.067807,10.291428,140363770.0
2026-04-09,10.271197,10.619702,9.920369,10.450279,108822897.0
2026-04-10,10.450083,10.690148,10.229503,10.609044,90842786.0
2026-04-13,10.678242,11.052654,10.580905,10.809121,93641388.0
2026-04-14,11.138248,11.738133,10.97021,11.538121,95205251.0
2026-04-15,11.699039,13.456803,11.419387,13.298662,167146056.0
2026-04-16,13.409162,13.430537,12.599444,13.071674,110898916.0
2026-04-17,13.542879,14.42977,13.248793,13.899695,157293479.0
2026-04-20,13.970837,14.259276,12.997795,13.290671,104684073.0
2026-04-21,13.319986,13.388107,12.790867,12.870295,73922823.0
2026-04-22,12.945835,13.300616,12.799802,12.930642,87311948.0
2026-04-23,12.131649,12.784012,11.66238,12.017767,136673066.0
2026-04-24,11.999434,12.578286,11.819634,12.168302,107117041.0
2026-04-27,11.889045,12.450901,11.369239,12.323603,86624872.0
2026-04-28,12.051181,12.549216,11.919756,12.141651,72207935.0
2026-04-29,12.100418,12.158569,11.750319,11.927269,56698786.0
2026-04-30,11.917398,12.678925,11.623708,12.469743,72008463.0
2026-05-01,12.529811,13.531408,12.340743,13.070422,94360515.0
2026-05-04,13.023584,13.324432,12.670358,13.180246,74338585.0
2026-05-05,13.362162,13.820501,12.942689,12.961695,83218570.0
2026-05-06,12.749785,13.781113,12.612038,13.579939,90770333.0
2026-05-07,14.187836,14.750167,13.819662,14.468001,123829612.0
2026-05-08,14.80179,15.819901,14.790136,15.617878,119993221.0
2026-05-11,15.169883,17.128239,14.770766,16.832273,155116691.0
2026-05-12,16.559371,17.038985,15.111914,15.960033,111510960.0
2026-05-13,16.20023,17.412571,15.710507,16.837977,130341973.0
2026-05-14,16.918688,17.319705,16.509366,16.65121,82272946.0
2026-05-15,15.958077,15.997675,15.041502,15.058316,81367762.0
2026-05-18,14.86838,14.981109,13.86062,14.200794,90756498.0
2026-05-19,13.709966,13.885531,13.061484,13.790018,74791005.0
2026-05-20,14.021158,14.686721,13.934835,14.670666,69629028.0
2026-05-21,15.00911,15.349977,14.361605,14.721096,75240371.0
2026-05-22,15.01887,15.648232,14.880117,15.260456,81643703.0
2026-05-26,15.553663,15.913914,15.271438,15.787513,72039259.0
2026-05-27,16.475923,16.66789,15.939171,16.281872,78502987.0
2026-05-28,16.088741,16.55166,15.988753,16.400008,54672283.0
2026-05-29,16.233581,16.319993,15.372256,15.919341,67771700.0
2026-06-01,15.325908,15.474216,14.448244,14.469203,70384097.0
2026-06-02,14.641391,15.039516,14.309176,15.011687,61511823.0
2026-06-03,14.658345,15.704357,14.472774,15.009794,66820940.0
2026-06-04,14.725412,15.179148,14.54012,14.640747,46215597.0
2026-06-05,14.763115,15.060977,12.535402,12.721245,80391849.0
2026-06-08,13.039786,14.112215,12.950258,13.860564,55419847.0
2026-06-09,13.994736,14.49862,12.200101,13.020376,78130106.0
2026-06-10,12.685996,13.050202,11.950365,12.039152,51743825.0
2026-06-11,12.451399,13.300028,11.969033,13.118423,65882095.0
2026-06-12,13.139537,13.609364,12.300588,13.590076,94298187.0
2026-06-15,13.967496,14.170072,13.639218,13.889289,63386922.0
2026-06-16,13.421913,13.991249,13.191317,13.451903,55300153.0
2026-06-17,13.247467,13.511462,12.746426,12.920924,51814372.0
2026-06-18,13.000273,13.291255,12.138719,13.160569,65784707.0
2026-06-22,12.787085,14.090295,12.748723,13.472235,56975727.0
2026-06-23,12.519493,12.519705,11.625077,11.818697,60675590.0
2026-06-24,11.69023,11.969607,11.260594,11.419219,37480732.0
2026-06-25,11.408999,11.62664,11.142236,11.378942,43044288.0
2026-06-26,11.078345,12.140939,10.971164,11.620129,57592305.0
2026-06-29,11.770985,13.700052,11.631232,13.642492,81301254.0
2026-06-30,13.219006,14.449766,13.218901,14.158734,66073228.0
2026-07-01,14.242234,14.99854,14.023491,14.499701,60879145.0
2026-07-02,14.684083,14.96893,12.047871,12.297918,97768645.0
2026-07-06,12.569104,13.96955,12.135689,13.95164,56027770.0
2026-07-07,13.749848,13.936151,12.759435,12.839854,46073964.0
2026-07-08,12.610231,12.621223,12.039819,12.26021,47728040.0
2026-07-09,12.259499,13.12207,12.069526,13.018429,50211133.0
2026-07-10,13.28294,13.449366,12.788134,13.092725,43849546.0
2026-07-13,12.898446,12.952311,12.049762,12.269275,47666299.0
2026-07-14,12.530363,12.724342,12.260795,12.349932,35883674.0
2026-07-15,12.549015,12.988089,12.001834,12.2208,51768322.0
2026-07-16,12.111166,12.279445,11.660881,12.020997,43218415.0
2026-07-17,11.44028,11.680248,11.161329,11.385779,40040889.0
2026-07-20,11.689142,11.720562,10.702272,10.718324,49568182.0
2026-07-21,10.794449,11.539768,10.725184,11.230133,45408699.0
2026-07-22,11.03962,11.319478,10.885829,10.960443,48602973.0
2026-07-23,9.019835,9.069591,7.540629,7.761242,215819659.0
2026-07-24,7.808717,7.910684,7.119949,7.421289,118131832.0
2026-07-27,7.431102,7.620516,7.020269,7.239361,93367369.0
2026-07-28,7.091341,7.339688,6.850894,7.150091,86042556.0
2026-07-29,7.151538,7.233944,6.695407,6.739563,84866970.0
2026-07-30,6.931577,7.299202,6.871051,7.209831,87748418.0
2026-07-31,7.239431,7.518328,6.87858,7.30967,85767309.0
2026-08-03,7.293894,7.9393,7.269532,7.808914,97805410.0
2026-08-04,7.914915,8.173452,7.749529,8.071591,105412517.0
2026-08-05,7.889992,8.058018,7.719076,7.770015,91370384.0
2026-08-06,7.555902,7.851313,7.479699,7.679981,86051509.0
2026-08-07,7.803367,8.360312,7.760649,8.110723,92981357.0
2026-08-10,8.019707,8.279075,7.990531,8.210489,78616321.0
2026-08-11,8.319121,8.479528,8.148763,8.309403,90464519.0
2026-08-12,8.42375,8.439119,7.850482,8.049757,105893778.0
2026-08-13,8.019681,8.730785,7.933692,8.639503,119135330.0
2026-08-14,8.769113,9.221298,8.409167,8.761307,138104627.0
2026-08-17,8.679813,8.915735,8.511324,8.609326,119442651.0
2026-08-18,8.301419,8.66947,8.189457,8.480996,123496011.0
2026-08-19,8.580034,9.219572,8.420468,9.190222,114492548.0
2026-08-20,8.940246,9.000979,8.550205,8.879385,118024743.0
2026-08-21,9.120467,9.969729,8.959981,9.769004,135080016.0
2026-08-24,9.708954,9.800887,8.990925,9.040207,89386323.0
2026-08-25,9.065441,9.43806,9.0409,9.090252,84794285.0
2026-08-26,8.83019,9.179276,8.690581,8.869852,102580408.0
2026-08-27,8.879808,9.3608,8.828835,9.309791,79915707.0
2026-08-28,9.431506,9.520408,8.803053,8.980814,75300822.0
2026-08-31,8.903789,10.020645,8.898456,9.968588,113740841.0
2026-09-01,9.595292,9.688135,9.158527,9.330626,92850639.0
2026-09-02,9.574359,9.579969,8.998209,9.367335,88363908.0
2026-09-03,9.830405,10.78978,9.819659,10.379234,152810820.0
2026-09-04,9.588805,9.73195,8.999615,9.149739,136034093.0
2026-09-08,9.300266,9.947409,9.235911,9.872086,84631853.0
2026-09-09,9.865004,10.259076,9.814378,9.850343,67047415.0
2026-09-10,9.459089,9.91857,9.299732,9.618872,46336229.0
2026-09-11,9.639433,9.878812,9.511781,9.708306,50548736.0
2026-09-14,9.401144,9.821155,9.261458,9.369095,57097122.0
2026-09-15,9.34473,9.540502,9.100105,9.250499,55630861.0
2026-09-16,9.300353,9.669898,9.15013,9.309437,52219899.0
2026-09-17,9.795448,10.139481,9.579058,9.709559,70978193.0
2026-09-18,9.881099,9.970479,9.430417,9.631072,67679435.0
2026-09-21,10.009778,10.350873,9.978918,10.190224,64993769.0
2026-09-22,10.339797,10.399694,9.990033,10.300173,60177328.0
2026-09-23,10.374453,10.739715,10.23916,10.389251,57644506.0
2026-09-24,10.240474,10.554492,10.140812,10.248936,52162251.0
2026-09-25,10.620727,10.730999,9.701436,9.939199,89589491.0
2026-09-28,9.725176,9.778723,9.110226,9.149082,64172300.0
